time,Y[0],col_2
01-01-1904,00:00:00.000000,0.6069539
01-01-1904,00:00:00.000100,0.604404
01-01-1904,00:00:00.000200,0.6095037
01-01-1904,00:00:00.000300,0.6107787
01-01-1904,00:00:00.000400,0.6133286
01-01-1904,00:00:00.000500,0.6133286
01-01-1904,00:00:00.000600,0.6146035
01-01-1904,00:00:00.000700,0.6107787
01-01-1904,00:00:00.000800,0.6146035
01-01-1904,00:00:00.000900,0.6107787
01-01-1904,00:00:00.001000,0.604404
01-01-1904,00:00:00.001100,0.6095037
01-01-1904,00:00:00.001200,0.603129
01-01-1904,00:00:00.001300,0.6133286
01-01-1904,00:00:00.001400,0.6069539
01-01-1904,00:00:00.001500,0.6120536
01-01-1904,00:00:00.001600,0.6120536
01-01-1904,00:00:00.001700,0.6107787
01-01-1904,00:00:00.001800,0.6069539
01-01-1904,00:00:00.001900,0.6082288
01-01-1904,00:00:00.002000,0.6069539
01-01-1904,00:00:00.002100,0.6120536
01-01-1904,00:00:00.002200,0.6133286
01-01-1904,00:00:00.002300,0.6171534
01-01-1904,00:00:00.002400,0.6197033
01-01-1904,00:00:00.002500,0.6184283
01-01-1904,00:00:00.002600,0.6197033
01-01-1904,00:00:00.002700,0.6197033
01-01-1904,00:00:00.002800,0.6184283
01-01-1904,00:00:00.002900,0.6158784
01-01-1904,00:00:00.003000,0.6056789
01-01-1904,00:00:00.003100,0.6107787
01-01-1904,00:00:00.003200,0.6158784
01-01-1904,00:00:00.003300,0.6107787
01-01-1904,00:00:00.003400,0.6069539
01-01-1904,00:00:00.003500,0.6095037
01-01-1904,00:00:00.003600,0.6056789
01-01-1904,00:00:00.003700,0.6120536
01-01-1904,00:00:00.003800,0.6056789
01-01-1904,00:00:00.003900,0.6120536
01-01-1904,00:00:00.004000,0.6069539
01-01-1904,00:00:00.004100,0.6120536
01-01-1904,00:00:00.004200,0.6069539
01-01-1904,00:00:00.004300,0.6120536
01-01-1904,00:00:00.004400,0.6082288
01-01-1904,00:00:00.004500,0.6133286
01-01-1904,00:00:00.004600,0.6171534
01-01-1904,00:00:00.004700,0.6133286
01-01-1904,00:00:00.004800,0.6171534
01-01-1904,00:00:00.004900,0.6158784
01-01-1904,00:00:00.005000,0.6158784
01-01-1904,00:00:00.005100,0.6158784
01-01-1904,00:00:00.005200,0.6158784
01-01-1904,00:00:00.005300,0.6107787
01-01-1904,00:00:00.005400,0.6133286
01-01-1904,00:00:00.005500,0.6082288
01-01-1904,00:00:00.005600,0.6146035
01-01-1904,00:00:00.005700,0.6095037
01-01-1904,00:00:00.005800,0.6107787
01-01-1904,00:00:00.005900,0.6184283
01-01-1904,00:00:00.006000,0.6133286
01-01-1904,00:00:00.006100,0.6133286
01-01-1904,00:00:00.006200,0.6107787
01-01-1904,00:00:00.006300,0.6158784
01-01-1904,00:00:00.006400,0.6133286
01-01-1904,00:00:00.006500,0.6133286
01-01-1904,00:00:00.006600,0.6171534
01-01-1904,00:00:00.006700,0.6158784
01-01-1904,00:00:00.006800,0.6146035
01-01-1904,00:00:00.006900,0.6158784
01-01-1904,00:00:00.007000,0.6158784
01-01-1904,00:00:00.007100,0.6171534
01-01-1904,00:00:00.007200,0.6171534
01-01-1904,00:00:00.007300,0.6222531
01-01-1904,00:00:00.007400,0.6197033
01-01-1904,00:00:00.007500,0.6311777
01-01-1904,00:00:00.007600,0.6235281
01-01-1904,00:00:00.007700,0.6324527
01-01-1904,00:00:00.007800,0.6235281
01-01-1904,00:00:00.007900,0.6235281
01-01-1904,00:00:00.008000,0.6209782
01-01-1904,00:00:00.008100,0.6158784
01-01-1904,00:00:00.008200,0.6184283
01-01-1904,00:00:00.008300,0.6107787
01-01-1904,00:00:00.008400,0.6133286
01-01-1904,00:00:00.008500,0.6107787
01-01-1904,00:00:00.008600,0.6133286
01-01-1904,00:00:00.008700,0.6056789
01-01-1904,00:00:00.008800,0.6133286
01-01-1904,00:00:00.008900,0.6095037
01-01-1904,00:00:00.009000,0.6133286
01-01-1904,00:00:00.009100,0.6069539
01-01-1904,00:00:00.009200,0.6171534
01-01-1904,00:00:00.009300,0.6197033
01-01-1904,00:00:00.009400,0.6197033
01-01-1904,00:00:00.009500,0.6107787
01-01-1904,00:00:00.009600,0.6171534
01-01-1904,00:00:00.009700,0.6146035
01-01-1904,00:00:00.009800,0.6184283
01-01-1904,00:00:00.009900,0.6133286
01-01-1904,00:00:00.010000,0.6171534
01-01-1904,00:00:00.010100,0.6222531
01-01-1904,00:00:00.010200,0.6197033
01-01-1904,00:00:00.010300,0.6171534
01-01-1904,00:00:00.010400,0.6171534
01-01-1904,00:00:00.010500,0.6146035
01-01-1904,00:00:00.010600,0.6209782
01-01-1904,00:00:00.010700,0.6158784
01-01-1904,00:00:00.010800,0.6197033
01-01-1904,00:00:00.010900,0.6133286
01-01-1904,00:00:00.011000,0.6197033
01-01-1904,00:00:00.011100,0.6133286
01-01-1904,00:00:00.011200,0.6209782
01-01-1904,00:00:00.011300,0.6158784
01-01-1904,00:00:00.011400,0.6184283
01-01-1904,00:00:00.011500,0.6222531
01-01-1904,00:00:00.011600,0.6209782
01-01-1904,00:00:00.011700,0.6158784
01-01-1904,00:00:00.011800,0.6184283
01-01-1904,00:00:00.011900,0.6095037
01-01-1904,00:00:00.012000,0.6146035
01-01-1904,00:00:00.012100,0.6197033
01-01-1904,00:00:00.012200,0.6158784
01-01-1904,00:00:00.012300,0.6158784
01-01-1904,00:00:00.012400,0.6158784
01-01-1904,00:00:00.012500,0.6107787
01-01-1904,00:00:00.012600,0.6158784
01-01-1904,00:00:00.012700,0.6197033
01-01-1904,00:00:00.012800,0.6209782
01-01-1904,00:00:00.012900,0.6222531
01-01-1904,00:00:00.013000,0.624803
01-01-1904,00:00:00.013100,0.6158784
01-01-1904,00:00:00.013200,0.6209782
01-01-1904,00:00:00.013300,0.6133286
01-01-1904,00:00:00.013400,0.6184283
01-01-1904,00:00:00.013500,0.6158784
01-01-1904,00:00:00.013600,0.6209782
01-01-1904,00:00:00.013700,0.626078
01-01-1904,00:00:00.013800,0.626078
01-01-1904,00:00:00.013900,0.6299028
01-01-1904,00:00:00.014000,0.6273529
01-01-1904,00:00:00.014100,0.6311777
01-01-1904,00:00:00.014200,0.626078
01-01-1904,00:00:00.014300,0.6273529
01-01-1904,00:00:00.014400,0.626078
01-01-1904,00:00:00.014500,0.624803
01-01-1904,00:00:00.014600,0.6286279
01-01-1904,00:00:00.014700,0.6273529
01-01-1904,00:00:00.014800,0.6235281
01-01-1904,00:00:00.014900,0.6222531
01-01-1904,00:00:00.015000,0.6197033
01-01-1904,00:00:00.015100,0.6235281
01-01-1904,00:00:00.015200,0.6146035
01-01-1904,00:00:00.015300,0.6197033
01-01-1904,00:00:00.015400,0.6146035
01-01-1904,00:00:00.015500,0.6184283
01-01-1904,00:00:00.015600,0.6197033
01-01-1904,00:00:00.015700,0.6222531
01-01-1904,00:00:00.015800,0.6235281
01-01-1904,00:00:00.015900,0.624803
01-01-1904,00:00:00.016000,0.6171534
01-01-1904,00:00:00.016100,0.6197033
01-01-1904,00:00:00.016200,0.6171534
01-01-1904,00:00:00.016300,0.6209782
01-01-1904,00:00:00.016400,0.6235281
01-01-1904,00:00:00.016500,0.6337276
01-01-1904,00:00:00.016600,0.626078
01-01-1904,00:00:00.016700,0.6273529
01-01-1904,00:00:00.016800,0.626078
01-01-1904,00:00:00.016900,0.6235281
01-01-1904,00:00:00.017000,0.6235281
01-01-1904,00:00:00.017100,0.6158784
01-01-1904,00:00:00.017200,0.6184283
01-01-1904,00:00:00.017300,0.6171534
01-01-1904,00:00:00.017400,0.6197033
01-01-1904,00:00:00.017500,0.626078
01-01-1904,00:00:00.017600,0.6222531
01-01-1904,00:00:00.017700,0.6273529
01-01-1904,00:00:00.017800,0.6197033
01-01-1904,00:00:00.017900,0.6146035
01-01-1904,00:00:00.018000,0.6158784
01-01-1904,00:00:00.018100,0.6197033
01-01-1904,00:00:00.018200,0.624803
01-01-1904,00:00:00.018300,0.624803
01-01-1904,00:00:00.018400,0.6286279
01-01-1904,00:00:00.018500,0.6273529
01-01-1904,00:00:00.018600,0.6197033
01-01-1904,00:00:00.018700,0.6222531
01-01-1904,00:00:00.018800,0.6146035
01-01-1904,00:00:00.018900,0.6197033
01-01-1904,00:00:00.019000,0.6158784
01-01-1904,00:00:00.019100,0.6222531
01-01-1904,00:00:00.019200,0.6133286
01-01-1904,00:00:00.019300,0.6222531
01-01-1904,00:00:00.019400,0.624803
01-01-1904,00:00:00.019500,0.6273529
01-01-1904,00:00:00.019600,0.6209782
01-01-1904,00:00:00.019700,0.626078
01-01-1904,00:00:00.019800,0.6197033
01-01-1904,00:00:00.019900,0.6197033
01-01-1904,00:00:00.020000,0.6273529
01-01-1904,00:00:00.020100,0.6235281
01-01-1904,00:00:00.020200,0.6209782
01-01-1904,00:00:00.020300,0.6235281
01-01-1904,00:00:00.020400,0.626078
01-01-1904,00:00:00.020500,0.626078
01-01-1904,00:00:00.020600,0.626078
01-01-1904,00:00:00.020700,0.626078
01-01-1904,00:00:00.020800,0.6171534
01-01-1904,00:00:00.020900,0.6209782
01-01-1904,00:00:00.021000,0.6095037
01-01-1904,00:00:00.021100,0.6158784
01-01-1904,00:00:00.021200,0.6095037
01-01-1904,00:00:00.021300,0.6171534
01-01-1904,00:00:00.021400,0.6158784
01-01-1904,00:00:00.021500,0.6222531
01-01-1904,00:00:00.021600,0.6273529
01-01-1904,00:00:00.021700,0.626078
01-01-1904,00:00:00.021800,0.624803
01-01-1904,00:00:00.021900,0.624803
01-01-1904,00:00:00.022000,0.624803
01-01-1904,00:00:00.022100,0.6311777
01-01-1904,00:00:00.022200,0.624803
01-01-1904,00:00:00.022300,0.6209782
01-01-1904,00:00:00.022400,0.624803
01-01-1904,00:00:00.022500,0.6209782
01-01-1904,00:00:00.022600,0.626078
01-01-1904,00:00:00.022700,0.6184283
01-01-1904,00:00:00.022800,0.626078
01-01-1904,00:00:00.022900,0.6235281
01-01-1904,00:00:00.023000,0.624803
01-01-1904,00:00:00.023100,0.6197033
01-01-1904,00:00:00.023200,0.6222531
01-01-1904,00:00:00.023300,0.6197033
01-01-1904,00:00:00.023400,0.6324527
01-01-1904,00:00:00.023500,0.6235281
01-01-1904,00:00:00.023600,0.626078
01-01-1904,00:00:00.023700,0.6222531
01-01-1904,00:00:00.023800,0.6133286
01-01-1904,00:00:00.023900,0.6158784
01-01-1904,00:00:00.024000,0.6095037
01-01-1904,00:00:00.024100,0.6184283
01-01-1904,00:00:00.024200,0.6095037
01-01-1904,00:00:00.024300,0.6197033
01-01-1904,00:00:00.024400,0.6107787
01-01-1904,00:00:00.024500,0.6197033
01-01-1904,00:00:00.024600,0.6171534
01-01-1904,00:00:00.024700,0.6197033
01-01-1904,00:00:00.024800,0.624803
01-01-1904,00:00:00.024900,0.6299028
01-01-1904,00:00:00.025000,0.6324527
01-01-1904,00:00:00.025100,0.6299028
01-01-1904,00:00:00.025200,0.6235281
01-01-1904,00:00:00.025300,0.624803
01-01-1904,00:00:00.025400,0.6184283
01-01-1904,00:00:00.025500,0.6222531
01-01-1904,00:00:00.025600,0.6158784
01-01-1904,00:00:00.025700,0.6209782
01-01-1904,00:00:00.025800,0.6133286
01-01-1904,00:00:00.025900,0.6171534
01-01-1904,00:00:00.026000,0.6158784
01-01-1904,00:00:00.026100,0.6209782
01-01-1904,00:00:00.026200,0.6311777
01-01-1904,00:00:00.026300,0.6286279
01-01-1904,00:00:00.026400,0.6171534
01-01-1904,00:00:00.026500,0.6235281
01-01-1904,00:00:00.026600,0.6095037
01-01-1904,00:00:00.026700,0.6158784
01-01-1904,00:00:00.026800,0.6095037
01-01-1904,00:00:00.026900,0.6158784
01-01-1904,00:00:00.027000,0.6146035
01-01-1904,00:00:00.027100,0.6209782
01-01-1904,00:00:00.027200,0.6120536
01-01-1904,00:00:00.027300,0.6222531
01-01-1904,00:00:00.027400,0.6158784
01-01-1904,00:00:00.027500,0.6222531
01-01-1904,00:00:00.027600,0.6158784
01-01-1904,00:00:00.027700,0.6235281
01-01-1904,00:00:00.027800,0.6158784
01-01-1904,00:00:00.027900,0.624803
01-01-1904,00:00:00.028000,0.6171534
01-01-1904,00:00:00.028100,0.624803
01-01-1904,00:00:00.028200,0.6171534
01-01-1904,00:00:00.028300,0.626078
01-01-1904,00:00:00.028400,0.6273529
01-01-1904,00:00:00.028500,0.626078
01-01-1904,00:00:00.028600,0.6235281
01-01-1904,00:00:00.028700,0.624803
01-01-1904,00:00:00.028800,0.6311777
01-01-1904,00:00:00.028900,0.624803
01-01-1904,00:00:00.029000,0.6311777
01-01-1904,00:00:00.029100,0.626078
01-01-1904,00:00:00.029200,0.6209782
01-01-1904,00:00:00.029300,0.6222531
01-01-1904,00:00:00.029400,0.6158784
01-01-1904,00:00:00.029500,0.6171534
01-01-1904,00:00:00.029600,0.6133286
01-01-1904,00:00:00.029700,0.6197033
01-01-1904,00:00:00.029800,0.6171534
01-01-1904,00:00:00.029900,0.6184283
01-01-1904,00:00:00.030000,0.6197033
01-01-1904,00:00:00.030100,0.6273529
01-01-1904,00:00:00.030200,0.6273529
01-01-1904,00:00:00.030300,0.6299028
01-01-1904,00:00:00.030400,0.6273529
01-01-1904,00:00:00.030500,0.6311777
01-01-1904,00:00:00.030600,0.6273529
01-01-1904,00:00:00.030700,0.6299028
01-01-1904,00:00:00.030800,0.6299028
01-01-1904,00:00:00.030900,0.6171534
01-01-1904,00:00:00.031000,0.6235281
01-01-1904,00:00:00.031100,0.6158784
01-01-1904,00:00:00.031200,0.624803
01-01-1904,00:00:00.031300,0.6286279
01-01-1904,00:00:00.031400,0.6299028
01-01-1904,00:00:00.031500,0.626078
01-01-1904,00:00:00.031600,0.6209782
01-01-1904,00:00:00.031700,0.6209782
01-01-1904,00:00:00.031800,0.6209782
01-01-1904,00:00:00.031900,0.6209782
01-01-1904,00:00:00.032000,0.6209782
01-01-1904,00:00:00.032100,0.6171534
01-01-1904,00:00:00.032200,0.6222531
01-01-1904,00:00:00.032300,0.6171534
01-01-1904,00:00:00.032400,0.6197033
01-01-1904,00:00:00.032500,0.6209782
01-01-1904,00:00:00.032600,0.6311777
01-01-1904,00:00:00.032700,0.624803
01-01-1904,00:00:00.032800,0.6146035
01-01-1904,00:00:00.032900,0.6171534
01-01-1904,00:00:00.033000,0.6107787
01-01-1904,00:00:00.033100,0.6197033
01-01-1904,00:00:00.033200,0.6146035
01-01-1904,00:00:00.033300,0.6235281
01-01-1904,00:00:00.033400,0.626078
01-01-1904,00:00:00.033500,0.626078
01-01-1904,00:00:00.033600,0.6299028
01-01-1904,00:00:00.033700,0.6273529
01-01-1904,00:00:00.033800,0.626078
01-01-1904,00:00:00.033900,0.626078
01-01-1904,00:00:00.034000,0.6286279
01-01-1904,00:00:00.034100,0.626078
01-01-1904,00:00:00.034200,0.626078
01-01-1904,00:00:00.034300,0.6209782
01-01-1904,00:00:00.034400,0.6209782
01-01-1904,00:00:00.034500,0.6209782
01-01-1904,00:00:00.034600,0.6273529
01-01-1904,00:00:00.034700,0.6235281
01-01-1904,00:00:00.034800,0.6197033
01-01-1904,00:00:00.034900,0.6209782
01-01-1904,00:00:00.035000,0.6197033
01-01-1904,00:00:00.035100,0.6171534
01-01-1904,00:00:00.035200,0.6158784
01-01-1904,00:00:00.035300,0.6197033
01-01-1904,00:00:00.035400,0.6197033
01-01-1904,00:00:00.035500,0.626078
01-01-1904,00:00:00.035600,0.626078
01-01-1904,00:00:00.035700,0.6146035
01-01-1904,00:00:00.035800,0.6171534
01-01-1904,00:00:00.035900,0.6146035
01-01-1904,00:00:00.036000,0.6171534
01-01-1904,00:00:00.036100,0.6171534
01-01-1904,00:00:00.036200,0.624803
01-01-1904,00:00:00.036300,0.6299028
01-01-1904,00:00:00.036400,0.626078
01-01-1904,00:00:00.036500,0.6197033
01-01-1904,00:00:00.036600,0.624803
01-01-1904,00:00:00.036700,0.6311777
01-01-1904,00:00:00.036800,0.6286279
01-01-1904,00:00:00.036900,0.6286279
01-01-1904,00:00:00.037000,0.6273529
01-01-1904,00:00:00.037100,0.624803
01-01-1904,00:00:00.037200,0.624803
01-01-1904,00:00:00.037300,0.6209782
01-01-1904,00:00:00.037400,0.624803
01-01-1904,00:00:00.037500,0.6184283
01-01-1904,00:00:00.037600,0.624803
01-01-1904,00:00:00.037700,0.6197033
01-01-1904,00:00:00.037800,0.624803
01-01-1904,00:00:00.037900,0.624803
01-01-1904,00:00:00.038000,0.624803
01-01-1904,00:00:00.038100,0.6209782
01-01-1904,00:00:00.038200,0.6209782
01-01-1904,00:00:00.038300,0.6197033
01-01-1904,00:00:00.038400,0.6171534
01-01-1904,00:00:00.038500,0.6235281
01-01-1904,00:00:00.038600,0.6197033
01-01-1904,00:00:00.038700,0.6171534
01-01-1904,00:00:00.038800,0.6184283
01-01-1904,00:00:00.038900,0.6146035
01-01-1904,00:00:00.039000,0.6235281
01-01-1904,00:00:00.039100,0.6184283
01-01-1904,00:00:00.039200,0.6209782
01-01-1904,00:00:00.039300,0.6197033
01-01-1904,00:00:00.039400,0.6209782
01-01-1904,00:00:00.039500,0.6197033
01-01-1904,00:00:00.039600,0.6299028
01-01-1904,00:00:00.039700,0.6311777
01-01-1904,00:00:00.039800,0.6273529
01-01-1904,00:00:00.039900,0.6222531
01-01-1904,00:00:00.040000,0.6235281
01-01-1904,00:00:00.040100,0.6222531
01-01-1904,00:00:00.040200,0.6286279
01-01-1904,00:00:00.040300,0.624803
01-01-1904,00:00:00.040400,0.6350026
01-01-1904,00:00:00.040500,0.626078
01-01-1904,00:00:00.040600,0.6311777
01-01-1904,00:00:00.040700,0.626078
01-01-1904,00:00:00.040800,0.6311777
01-01-1904,00:00:00.040900,0.6235281
01-01-1904,00:00:00.041000,0.6197033
01-01-1904,00:00:00.041100,0.6235281
01-01-1904,00:00:00.041200,0.6107787
01-01-1904,00:00:00.041300,0.6158784
01-01-1904,00:00:00.041400,0.6107787
01-01-1904,00:00:00.041500,0.6171534
01-01-1904,00:00:00.041600,0.6197033
01-01-1904,00:00:00.041700,0.6222531
01-01-1904,00:00:00.041800,0.626078
01-01-1904,00:00:00.041900,0.626078
01-01-1904,00:00:00.042000,0.624803
01-01-1904,00:00:00.042100,0.626078
01-01-1904,00:00:00.042200,0.6299028
01-01-1904,00:00:00.042300,0.6299028
01-01-1904,00:00:00.042400,0.624803
01-01-1904,00:00:00.042500,0.626078
01-01-1904,00:00:00.042600,0.624803
01-01-1904,00:00:00.042700,0.6273529
01-01-1904,00:00:00.042800,0.6337276
01-01-1904,00:00:00.042900,0.626078
01-01-1904,00:00:00.043000,0.6286279
01-01-1904,00:00:00.043100,0.6235281
01-01-1904,00:00:00.043200,0.6197033
01-01-1904,00:00:00.043300,0.6209782
01-01-1904,00:00:00.043400,0.6197033
01-01-1904,00:00:00.043500,0.6299028
01-01-1904,00:00:00.043600,0.6286279
01-01-1904,00:00:00.043700,0.6337276
01-01-1904,00:00:00.043800,0.624803
01-01-1904,00:00:00.043900,0.6235281
01-01-1904,00:00:00.044000,0.6209782
01-01-1904,00:00:00.044100,0.6311777
01-01-1904,00:00:00.044200,0.624803
01-01-1904,00:00:00.044300,0.6158784
01-01-1904,00:00:00.044400,0.6197033
01-01-1904,00:00:00.044500,0.6222531
01-01-1904,00:00:00.044600,0.6235281
01-01-1904,00:00:00.044700,0.6158784
01-01-1904,00:00:00.044800,0.6158784
01-01-1904,00:00:00.044900,0.6133286
01-01-1904,00:00:00.045000,0.6197033
01-01-1904,00:00:00.045100,0.6133286
01-01-1904,00:00:00.045200,0.6209782
01-01-1904,00:00:00.045300,0.6324527
01-01-1904,00:00:00.045400,0.6273529
01-01-1904,00:00:00.045500,0.6324527
01-01-1904,00:00:00.045600,0.6286279
01-01-1904,00:00:00.045700,0.6337276
01-01-1904,00:00:00.045800,0.6299028
01-01-1904,00:00:00.045900,0.626078
01-01-1904,00:00:00.046000,0.626078
01-01-1904,00:00:00.046100,0.6146035
01-01-1904,00:00:00.046200,0.6197033
01-01-1904,00:00:00.046300,0.6197033
01-01-1904,00:00:00.046400,0.6197033
01-01-1904,00:00:00.046500,0.6133286
01-01-1904,00:00:00.046600,0.6209782
01-01-1904,00:00:00.046700,0.6235281
01-01-1904,00:00:00.046800,0.626078
01-01-1904,00:00:00.046900,0.6171534
01-01-1904,00:00:00.047000,0.6197033
01-01-1904,00:00:00.047100,0.624803
01-01-1904,00:00:00.047200,0.624803
01-01-1904,00:00:00.047300,0.6197033
01-01-1904,00:00:00.047400,0.6158784
01-01-1904,00:00:00.047500,0.6184283
01-01-1904,00:00:00.047600,0.6184283
01-01-1904,00:00:00.047700,0.626078
01-01-1904,00:00:00.047800,0.626078
01-01-1904,00:00:00.047900,0.6299028
01-01-1904,00:00:00.048000,0.6222531
01-01-1904,00:00:00.048100,0.6273529
01-01-1904,00:00:00.048200,0.626078
01-01-1904,00:00:00.048300,0.6286279
01-01-1904,00:00:00.048400,0.6273529
01-01-1904,00:00:00.048500,0.6337276
01-01-1904,00:00:00.048600,0.6311777
01-01-1904,00:00:00.048700,0.6311777
01-01-1904,00:00:00.048800,0.6286279
01-01-1904,00:00:00.048900,0.6299028
01-01-1904,00:00:00.049000,0.6286279
01-01-1904,00:00:00.049100,0.6286279
01-01-1904,00:00:00.049200,0.626078
01-01-1904,00:00:00.049300,0.6158784
01-01-1904,00:00:00.049400,0.6209782
01-01-1904,00:00:00.049500,0.6311777
01-01-1904,00:00:00.049600,0.6273529
01-01-1904,00:00:00.049700,0.6197033
01-01-1904,00:00:00.049800,0.6209782
01-01-1904,00:00:00.049900,0.6146035
01-01-1904,00:00:00.050000,0.624803
01-01-1904,00:00:00.050100,0.626078
01-01-1904,00:00:00.050200,0.6235281
01-01-1904,00:00:00.050300,0.6235281
01-01-1904,00:00:00.050400,0.6209782
01-01-1904,00:00:00.050500,0.624803
01-01-1904,00:00:00.050600,0.6209782
01-01-1904,00:00:00.050700,0.6273529
01-01-1904,00:00:00.050800,0.6235281
01-01-1904,00:00:00.050900,0.6311777
01-01-1904,00:00:00.051000,0.624803
01-01-1904,00:00:00.051100,0.6222531
01-01-1904,00:00:00.051200,0.6209782
01-01-1904,00:00:00.051300,0.6209782
01-01-1904,00:00:00.051400,0.6235281
01-01-1904,00:00:00.051500,0.6273529
01-01-1904,00:00:00.051600,0.6375524
01-01-1904,00:00:00.051700,0.6311777
01-01-1904,00:00:00.051800,0.6337276
01-01-1904,00:00:00.051900,0.6324527
01-01-1904,00:00:00.052000,0.6235281
01-01-1904,00:00:00.052100,0.6209782
01-01-1904,00:00:00.052200,0.6197033
01-01-1904,00:00:00.052300,0.6197033
01-01-1904,00:00:00.052400,0.6158784
01-01-1904,00:00:00.052500,0.6146035
01-01-1904,00:00:00.052600,0.6095037
01-01-1904,00:00:00.052700,0.6107787
01-01-1904,00:00:00.052800,0.6069539
01-01-1904,00:00:00.052900,0.6095037
01-01-1904,00:00:00.053000,0.6095037
01-01-1904,00:00:00.053100,0.6095037
01-01-1904,00:00:00.053200,0.6107787
01-01-1904,00:00:00.053300,0.6095037
01-01-1904,00:00:00.053400,0.6056789
01-01-1904,00:00:00.053500,0.6018541
01-01-1904,00:00:00.053600,0.604404
01-01-1904,00:00:00.053700,0.604404
01-01-1904,00:00:00.053800,0.6056789
01-01-1904,00:00:00.053900,0.6056789
01-01-1904,00:00:00.054000,0.603129
01-01-1904,00:00:00.054100,0.5980293
01-01-1904,00:00:00.054200,0.6018541
01-01-1904,00:00:00.054300,0.5993042
01-01-1904,00:00:00.054400,0.5980293
01-01-1904,00:00:00.054500,0.5993042
01-01-1904,00:00:00.054600,0.5954794
01-01-1904,00:00:00.054700,0.5980293
01-01-1904,00:00:00.054800,0.6005792
01-01-1904,00:00:00.054900,0.5954794
01-01-1904,00:00:00.055000,0.5929295
01-01-1904,00:00:00.055100,0.5929295
01-01-1904,00:00:00.055200,0.5980293
01-01-1904,00:00:00.055300,0.5967543
01-01-1904,00:00:00.055400,0.5903796
01-01-1904,00:00:00.055500,0.5903796
01-01-1904,00:00:00.055600,0.5954794
01-01-1904,00:00:00.055700,0.5954794
01-01-1904,00:00:00.055800,0.5891047
01-01-1904,00:00:00.055900,0.5878297
01-01-1904,00:00:00.056000,0.5942044
01-01-1904,00:00:00.056100,0.5942044
01-01-1904,00:00:00.056200,0.5865548
01-01-1904,00:00:00.056300,0.5865548
01-01-1904,00:00:00.056400,0.5929295
01-01-1904,00:00:00.056500,0.5916546
01-01-1904,00:00:00.056600,0.5840049
01-01-1904,00:00:00.056700,0.5878297
01-01-1904,00:00:00.056800,0.5916546
01-01-1904,00:00:00.056900,0.5865548
01-01-1904,00:00:00.057000,0.5840049
01-01-1904,00:00:00.057100,0.5865548
01-01-1904,00:00:00.057200,0.5852799
01-01-1904,00:00:00.057300,0.5878297
01-01-1904,00:00:00.057400,0.5852799
01-01-1904,00:00:00.057500,0.5891047
01-01-1904,00:00:00.057600,0.5852799
01-01-1904,00:00:00.057700,0.58273
01-01-1904,00:00:00.057800,0.5852799
01-01-1904,00:00:00.057900,0.5865548
01-01-1904,00:00:00.058000,0.5801801
01-01-1904,00:00:00.058100,0.581455
01-01-1904,00:00:00.058200,0.5878297
01-01-1904,00:00:00.058300,0.5840049
01-01-1904,00:00:00.058400,0.5801801
01-01-1904,00:00:00.058500,0.5840049
01-01-1904,00:00:00.058600,0.5840049
01-01-1904,00:00:00.058700,0.58273
01-01-1904,00:00:00.058800,0.5840049
01-01-1904,00:00:00.058900,0.5840049
01-01-1904,00:00:00.059000,0.58273
01-01-1904,00:00:00.059100,0.5776302
01-01-1904,00:00:00.059200,0.5801801
01-01-1904,00:00:00.059300,0.5840049
01-01-1904,00:00:00.059400,0.5776302
01-01-1904,00:00:00.059500,0.5801801
01-01-1904,00:00:00.059600,0.5840049
01-01-1904,00:00:00.059700,0.5801801
01-01-1904,00:00:00.059800,0.5801801
01-01-1904,00:00:00.059900,0.581455
01-01-1904,00:00:00.060000,0.5801801
01-01-1904,00:00:00.060100,0.5763553
01-01-1904,00:00:00.060200,0.5789052
01-01-1904,00:00:00.060300,0.581455
01-01-1904,00:00:00.060400,0.5763553
01-01-1904,00:00:00.060500,0.5789052
01-01-1904,00:00:00.060600,0.5801801
01-01-1904,00:00:00.060700,0.5776302
01-01-1904,00:00:00.060800,0.5801801
01-01-1904,00:00:00.060900,0.5789052
01-01-1904,00:00:00.061000,0.5789052
01-01-1904,00:00:00.061100,0.5750803
01-01-1904,00:00:00.061200,0.5776302
01-01-1904,00:00:00.061300,0.5801801
01-01-1904,00:00:00.061400,0.5738054
01-01-1904,00:00:00.061500,0.5776302
01-01-1904,00:00:00.061600,0.5801801
01-01-1904,00:00:00.061700,0.5763553
01-01-1904,00:00:00.061800,0.5763553
01-01-1904,00:00:00.061900,0.5789052
01-01-1904,00:00:00.062000,0.5763553
01-01-1904,00:00:00.062100,0.5738054
01-01-1904,00:00:00.062200,0.5789052
01-01-1904,00:00:00.062300,0.5763553
01-01-1904,00:00:00.062400,0.5725305
01-01-1904,00:00:00.062500,0.5750803
01-01-1904,00:00:00.062600,0.5776302
01-01-1904,00:00:00.062700,0.5712555
01-01-1904,00:00:00.062800,0.5725305
01-01-1904,00:00:00.062900,0.5776302
01-01-1904,00:00:00.063000,0.5750803
01-01-1904,00:00:00.063100,0.5725305
01-01-1904,00:00:00.063200,0.5776302
01-01-1904,00:00:00.063300,0.5750803
01-01-1904,00:00:00.063400,0.5699806
01-01-1904,00:00:00.063500,0.5750803
01-01-1904,00:00:00.063600,0.5750803
01-01-1904,00:00:00.063700,0.5750803
01-01-1904,00:00:00.063800,0.5750803
01-01-1904,00:00:00.063900,0.5763553
01-01-1904,00:00:00.064000,0.5750803
01-01-1904,00:00:00.064100,0.5712555
01-01-1904,00:00:00.064200,0.5789052
01-01-1904,00:00:00.064300,0.5738054
01-01-1904,00:00:00.064400,0.5712555
01-01-1904,00:00:00.064500,0.5763553
01-01-1904,00:00:00.064600,0.5763553
01-01-1904,00:00:00.064700,0.5712555
01-01-1904,00:00:00.064800,0.5750803
01-01-1904,00:00:00.064900,0.5750803
01-01-1904,00:00:00.065000,0.5725305
01-01-1904,00:00:00.065100,0.5750803
01-01-1904,00:00:00.065200,0.5750803
01-01-1904,00:00:00.065300,0.5738054
01-01-1904,00:00:00.065400,0.5712555
01-01-1904,00:00:00.065500,0.5750803
01-01-1904,00:00:00.065600,0.5725305
01-01-1904,00:00:00.065700,0.5699806
01-01-1904,00:00:00.065800,0.5738054
01-01-1904,00:00:00.065900,0.5738054
01-01-1904,00:00:00.066000,0.5699806
01-01-1904,00:00:00.066100,0.5738054
01-01-1904,00:00:00.066200,0.5750803
01-01-1904,00:00:00.066300,0.5699806
01-01-1904,00:00:00.066400,0.5725305
01-01-1904,00:00:00.066500,0.5763553
01-01-1904,00:00:00.066600,0.5725305
01-01-1904,00:00:00.066700,0.5699806
01-01-1904,00:00:00.066800,0.5763553
01-01-1904,00:00:00.066900,0.5750803
01-01-1904,00:00:00.067000,0.5699806
01-01-1904,00:00:00.067100,0.5725305
01-01-1904,00:00:00.067200,0.5725305
01-01-1904,00:00:00.067300,0.5699806
01-01-1904,00:00:00.067400,0.5725305
01-01-1904,00:00:00.067500,0.5750803
01-01-1904,00:00:00.067600,0.5699806
01-01-1904,00:00:00.067700,0.5699806
01-01-1904,00:00:00.067800,0.5750803
01-01-1904,00:00:00.067900,0.5725305
01-01-1904,00:00:00.068000,0.5725305
01-01-1904,00:00:00.068100,0.5750803
01-01-1904,00:00:00.068200,0.5725305
01-01-1904,00:00:00.068300,0.5687056
01-01-1904,00:00:00.068400,0.5750803
01-01-1904,00:00:00.068500,0.5750803
01-01-1904,00:00:00.068600,0.5699806
01-01-1904,00:00:00.068700,0.5725305
01-01-1904,00:00:00.068800,0.5725305
01-01-1904,00:00:00.068900,0.5699806
01-01-1904,00:00:00.069000,0.5725305
01-01-1904,00:00:00.069100,0.5750803
01-01-1904,00:00:00.069200,0.5687056
01-01-1904,00:00:00.069300,0.5687056
01-01-1904,00:00:00.069400,0.5750803
01-01-1904,00:00:00.069500,0.5712555
01-01-1904,00:00:00.069600,0.5687056
01-01-1904,00:00:00.069700,0.5712555
01-01-1904,00:00:00.069800,0.5725305
01-01-1904,00:00:00.069900,0.5687056
01-01-1904,00:00:00.070000,0.5725305
01-01-1904,00:00:00.070100,0.5725305
01-01-1904,00:00:00.070200,0.5725305
01-01-1904,00:00:00.070300,0.5712555
01-01-1904,00:00:00.070400,0.5738054
01-01-1904,00:00:00.070500,0.5687056
01-01-1904,00:00:00.070600,0.5725305
01-01-1904,00:00:00.070700,0.5738054
01-01-1904,00:00:00.070800,0.5712555
01-01-1904,00:00:00.070900,0.5687056
01-01-1904,00:00:00.071000,0.5750803
01-01-1904,00:00:00.071100,0.5712555
01-01-1904,00:00:00.071200,0.5687056
01-01-1904,00:00:00.071300,0.5712555
01-01-1904,00:00:00.071400,0.5725305
01-01-1904,00:00:00.071500,0.5699806
01-01-1904,00:00:00.071600,0.5725305
01-01-1904,00:00:00.071700,0.5750803
01-01-1904,00:00:00.071800,0.5674307
01-01-1904,00:00:00.071900,0.5687056
01-01-1904,00:00:00.072000,0.5738054
01-01-1904,00:00:00.072100,0.5712555
01-01-1904,00:00:00.072200,0.5687056
01-01-1904,00:00:00.072300,0.5725305
01-01-1904,00:00:00.072400,0.5725305
01-01-1904,00:00:00.072500,0.5687056
01-01-1904,00:00:00.072600,0.5712555
01-01-1904,00:00:00.072700,0.5750803
01-01-1904,00:00:00.072800,0.5674307
01-01-1904,00:00:00.072900,0.5674307
01-01-1904,00:00:00.073000,0.5750803
01-01-1904,00:00:00.073100,0.5712555
01-01-1904,00:00:00.073200,0.5712555
01-01-1904,00:00:00.073300,0.5750803
01-01-1904,00:00:00.073400,0.5712555
01-01-1904,00:00:00.073500,0.5687056
01-01-1904,00:00:00.073600,0.5738054
01-01-1904,00:00:00.073700,0.5712555
01-01-1904,00:00:00.073800,0.5687056
01-01-1904,00:00:00.073900,0.5712555
01-01-1904,00:00:00.074000,0.5712555
01-01-1904,00:00:00.074100,0.5712555
01-01-1904,00:00:00.074200,0.5712555
01-01-1904,00:00:00.074300,0.5738054
01-01-1904,00:00:00.074400,0.5687056
01-01-1904,00:00:00.074500,0.5674307
01-01-1904,00:00:00.074600,0.5738054
01-01-1904,00:00:00.074700,0.5712555
01-01-1904,00:00:00.074800,0.5687056
01-01-1904,00:00:00.074900,0.5712555
01-01-1904,00:00:00.075000,0.5712555
01-01-1904,00:00:00.075100,0.5699806
01-01-1904,00:00:00.075200,0.5712555
01-01-1904,00:00:00.075300,0.5750803
01-01-1904,00:00:00.075400,0.5687056
01-01-1904,00:00:00.075500,0.5712555
01-01-1904,00:00:00.075600,0.5738054
01-01-1904,00:00:00.075700,0.5750803
01-01-1904,00:00:00.075800,0.5674307
01-01-1904,00:00:00.075900,0.5712555
01-01-1904,00:00:00.076000,0.5738054
01-01-1904,00:00:00.076100,0.5750803
01-01-1904,00:00:00.076200,0.5674307
01-01-1904,00:00:00.076300,0.5687056
01-01-1904,00:00:00.076400,0.5738054
01-01-1904,00:00:00.076500,0.5738054
01-01-1904,00:00:00.076600,0.5687056
01-01-1904,00:00:00.076700,0.5699806
01-01-1904,00:00:00.076800,0.5699806
01-01-1904,00:00:00.076900,0.5738054
01-01-1904,00:00:00.077000,0.5687056
01-01-1904,00:00:00.077100,0.5674307
01-01-1904,00:00:00.077200,0.5725305
01-01-1904,00:00:00.077300,0.5738054
01-01-1904,00:00:00.077400,0.5674307
01-01-1904,00:00:00.077500,0.5687056
01-01-1904,00:00:00.077600,0.5725305
01-01-1904,00:00:00.077700,0.5712555
01-01-1904,00:00:00.077800,0.5687056
01-01-1904,00:00:00.077900,0.5687056
01-01-1904,00:00:00.078000,0.5712555
01-01-1904,00:00:00.078100,0.5738054
01-01-1904,00:00:00.078200,0.5699806
01-01-1904,00:00:00.078300,0.5712555
01-01-1904,00:00:00.078400,0.5712555
01-01-1904,00:00:00.078500,0.5699806
01-01-1904,00:00:00.078600,0.5738054
01-01-1904,00:00:00.078700,0.5712555
01-01-1904,00:00:00.078800,0.5674307
01-01-1904,00:00:00.078900,0.5712555
01-01-1904,00:00:00.079000,0.5750803
01-01-1904,00:00:00.079100,0.5699806
01-01-1904,00:00:00.079200,0.5699806
01-01-1904,00:00:00.079300,0.5712555
01-01-1904,00:00:00.079400,0.5699806
01-01-1904,00:00:00.079500,0.5712555
01-01-1904,00:00:00.079600,0.5674307
01-01-1904,00:00:00.079700,0.5712555
01-01-1904,00:00:00.079800,0.5712555
01-01-1904,00:00:00.079900,0.5699806
01-01-1904,00:00:00.080000,0.5699806
01-01-1904,00:00:00.080100,0.5712555
01-01-1904,00:00:00.080200,0.5738054
01-01-1904,00:00:00.080300,0.5699806
01-01-1904,00:00:00.080400,0.5674307
01-01-1904,00:00:00.080500,0.5712555
01-01-1904,00:00:00.080600,0.5738054
01-01-1904,00:00:00.080700,0.5712555
01-01-1904,00:00:00.080800,0.5674307
01-01-1904,00:00:00.080900,0.5712555
01-01-1904,00:00:00.081000,0.5699806
01-01-1904,00:00:00.081100,0.5712555
01-01-1904,00:00:00.081200,0.5699806
01-01-1904,00:00:00.081300,0.5699806
01-01-1904,00:00:00.081400,0.5699806
01-01-1904,00:00:00.081500,0.5674307
01-01-1904,00:00:00.081600,0.5712555
01-01-1904,00:00:00.081700,0.5738054
01-01-1904,00:00:00.081800,0.5674307
01-01-1904,00:00:00.081900,0.5712555
01-01-1904,00:00:00.082000,0.5738054
01-01-1904,00:00:00.082100,0.5699806
01-01-1904,00:00:00.082200,0.5661558
01-01-1904,00:00:00.082300,0.5712555
01-01-1904,00:00:00.082400,0.5738054
01-01-1904,00:00:00.082500,0.5687056
01-01-1904,00:00:00.082600,0.5674307
01-01-1904,00:00:00.082700,0.5725305
01-01-1904,00:00:00.082800,0.5699806
01-01-1904,00:00:00.082900,0.5687056
01-01-1904,00:00:00.083000,0.5712555
01-01-1904,00:00:00.083100,0.5699806
01-01-1904,00:00:00.083200,0.5699806
01-01-1904,00:00:00.083300,0.5712555
01-01-1904,00:00:00.083400,0.5738054
01-01-1904,00:00:00.083500,0.5674307
01-01-1904,00:00:00.083600,0.5687056
01-01-1904,00:00:00.083700,0.5750803
01-01-1904,00:00:00.083800,0.5738054
01-01-1904,00:00:00.083900,0.5674307
01-01-1904,00:00:00.084000,0.5699806
01-01-1904,00:00:00.084100,0.5712555
01-01-1904,00:00:00.084200,0.5687056
01-01-1904,00:00:00.084300,0.5712555
01-01-1904,00:00:00.084400,0.5738054
01-01-1904,00:00:00.084500,0.5699806
01-01-1904,00:00:00.084600,0.5674307
01-01-1904,00:00:00.084700,0.5738054
01-01-1904,00:00:00.084800,0.5712555
01-01-1904,00:00:00.084900,0.5674307
01-01-1904,00:00:00.085000,0.5699806
01-01-1904,00:00:00.085100,0.5699806
01-01-1904,00:00:00.085200,0.5674307
01-01-1904,00:00:00.085300,0.5699806
01-01-1904,00:00:00.085400,0.5750803
01-01-1904,00:00:00.085500,0.5674307
01-01-1904,00:00:00.085600,0.5687056
01-01-1904,00:00:00.085700,0.5725305
01-01-1904,00:00:00.085800,0.5699806
01-01-1904,00:00:00.085900,0.5674307
01-01-1904,00:00:00.086000,0.5699806
01-01-1904,00:00:00.086100,0.5725305
01-01-1904,00:00:00.086200,0.5674307
01-01-1904,00:00:00.086300,0.5699806
01-01-1904,00:00:00.086400,0.5725305
01-01-1904,00:00:00.086500,0.5661558
01-01-1904,00:00:00.086600,0.5674307
01-01-1904,00:00:00.086700,0.5725305
01-01-1904,00:00:00.086800,0.5712555
01-01-1904,00:00:00.086900,0.5712555
01-01-1904,00:00:00.087000,0.5699806
01-01-1904,00:00:00.087100,0.5699806
01-01-1904,00:00:00.087200,0.5699806
01-01-1904,00:00:00.087300,0.5699806
01-01-1904,00:00:00.087400,0.5738054
01-01-1904,00:00:00.087500,0.5661558
01-01-1904,00:00:00.087600,0.5699806
01-01-1904,00:00:00.087700,0.5725305
01-01-1904,00:00:00.087800,0.5699806
01-01-1904,00:00:00.087900,0.5699806
01-01-1904,00:00:00.088000,0.5725305
01-01-1904,00:00:00.088100,0.5699806
01-01-1904,00:00:00.088200,0.5674307
01-01-1904,00:00:00.088300,0.5725305
01-01-1904,00:00:00.088400,0.5738054
01-01-1904,00:00:00.088500,0.5674307
01-01-1904,00:00:00.088600,0.5699806
01-01-1904,00:00:00.088700,0.5712555
01-01-1904,00:00:00.088800,0.5699806
01-01-1904,00:00:00.088900,0.5712555
01-01-1904,00:00:00.089000,0.5738054
01-01-1904,00:00:00.089100,0.5699806
01-01-1904,00:00:00.089200,0.5674307
01-01-1904,00:00:00.089300,0.5750803
01-01-1904,00:00:00.089400,0.5750803
01-01-1904,00:00:00.089500,0.5661558
01-01-1904,00:00:00.089600,0.5699806
01-01-1904,00:00:00.089700,0.5699806
01-01-1904,00:00:00.089800,0.5699806
01-01-1904,00:00:00.089900,0.5712555
01-01-1904,00:00:00.090000,0.5738054
01-01-1904,00:00:00.090100,0.5687056
01-01-1904,00:00:00.090200,0.5699806
01-01-1904,00:00:00.090300,0.5738054
01-01-1904,00:00:00.090400,0.5699806
01-01-1904,00:00:00.090500,0.5712555
01-01-1904,00:00:00.090600,0.5699806
01-01-1904,00:00:00.090700,0.5712555
01-01-1904,00:00:00.090800,0.5687056
01-01-1904,00:00:00.090900,0.5699806
01-01-1904,00:00:00.091000,0.5738054
01-01-1904,00:00:00.091100,0.5674307
01-01-1904,00:00:00.091200,0.5699806
01-01-1904,00:00:00.091300,0.5738054
01-01-1904,00:00:00.091400,0.5712555
01-01-1904,00:00:00.091500,0.5712555
01-01-1904,00:00:00.091600,0.5738054
01-01-1904,00:00:00.091700,0.5699806
01-01-1904,00:00:00.091800,0.5674307
01-01-1904,00:00:00.091900,0.5738054
01-01-1904,00:00:00.092000,0.5750803
01-01-1904,00:00:00.092100,0.5674307
01-01-1904,00:00:00.092200,0.5699806
01-01-1904,00:00:00.092300,0.5699806
01-01-1904,00:00:00.092400,0.5699806
01-01-1904,00:00:00.092500,0.5699806
01-01-1904,00:00:00.092600,0.5738054
01-01-1904,00:00:00.092700,0.5687056
01-01-1904,00:00:00.092800,0.5674307
01-01-1904,00:00:00.092900,0.5738054
01-01-1904,00:00:00.093000,0.5699806
01-01-1904,00:00:00.093100,0.5712555
01-01-1904,00:00:00.093200,0.5699806
01-01-1904,00:00:00.093300,0.5699806
01-01-1904,00:00:00.093400,0.5674307
01-01-1904,00:00:00.093500,0.5699806
01-01-1904,00:00:00.093600,0.5712555
01-01-1904,00:00:00.093700,0.5712555
01-01-1904,00:00:00.093800,0.5712555
01-01-1904,00:00:00.093900,0.5738054
01-01-1904,00:00:00.094000,0.5674307
01-01-1904,00:00:00.094100,0.5712555
01-01-1904,00:00:00.094200,0.5699806
01-01-1904,00:00:00.094300,0.5712555
01-01-1904,00:00:00.094400,0.5674307
01-01-1904,00:00:00.094500,0.5750803
01-01-1904,00:00:00.094600,0.5738054
01-01-1904,00:00:00.094700,0.5687056
01-01-1904,00:00:00.094800,0.5699806
01-01-1904,00:00:00.094900,0.5699806
01-01-1904,00:00:00.095000,0.5661558
01-01-1904,00:00:00.095100,0.5712555
01-01-1904,00:00:00.095200,0.5750803
01-01-1904,00:00:00.095300,0.5674307
01-01-1904,00:00:00.095400,0.5674307
01-01-1904,00:00:00.095500,0.5750803
01-01-1904,00:00:00.095600,0.5699806
01-01-1904,00:00:00.095700,0.5712555
01-01-1904,00:00:00.095800,0.5738054
01-01-1904,00:00:00.095900,0.5699806
01-01-1904,00:00:00.096000,0.5674307
01-01-1904,00:00:00.096100,0.5699806
01-01-1904,00:00:00.096200,0.5699806
01-01-1904,00:00:00.096300,0.5674307
01-01-1904,00:00:00.096400,0.5725305
01-01-1904,00:00:00.096500,0.5738054
01-01-1904,00:00:00.096600,0.5687056
01-01-1904,00:00:00.096700,0.5699806
01-01-1904,00:00:00.096800,0.5725305
01-01-1904,00:00:00.096900,0.5712555
01-01-1904,00:00:00.097000,0.5699806
01-01-1904,00:00:00.097100,0.5750803
01-01-1904,00:00:00.097200,0.5725305
01-01-1904,00:00:00.097300,0.5674307
01-01-1904,00:00:00.097400,0.5750803
01-01-1904,00:00:00.097500,0.5712555
01-01-1904,00:00:00.097600,0.5674307
01-01-1904,00:00:00.097700,0.5712555
01-01-1904,00:00:00.097800,0.5725305
01-01-1904,00:00:00.097900,0.5687056
01-01-1904,00:00:00.098000,0.5674307
01-01-1904,00:00:00.098100,0.5750803
01-01-1904,00:00:00.098200,0.5699806
01-01-1904,00:00:00.098300,0.5699806
01-01-1904,00:00:00.098400,0.5738054
01-01-1904,00:00:00.098500,0.5699806
01-01-1904,00:00:00.098600,0.5674307
01-01-1904,00:00:00.098700,0.5750803
01-01-1904,00:00:00.098800,0.5712555
01-01-1904,00:00:00.098900,0.5674307
01-01-1904,00:00:00.099000,0.5699806
01-01-1904,00:00:00.099100,0.5699806
01-01-1904,00:00:00.099200,0.5687056
01-01-1904,00:00:00.099300,0.5699806
01-01-1904,00:00:00.099400,0.5725305
01-01-1904,00:00:00.099500,0.5699806
01-01-1904,00:00:00.099600,0.5712555
01-01-1904,00:00:00.099700,0.5738054
01-01-1904,00:00:00.099800,0.5712555
01-01-1904,00:00:00.099900,0.5661558
01-01-1904,00:00:00.100000,0.5738054
01-01-1904,00:00:00.100100,0.5725305
01-01-1904,00:00:00.100200,0.5674307
01-01-1904,00:00:00.100300,0.5712555
01-01-1904,00:00:00.100400,0.5712555
01-01-1904,00:00:00.100500,0.5687056
01-01-1904,00:00:00.100600,0.5712555
01-01-1904,00:00:00.100700,0.5738054
01-01-1904,00:00:00.100800,0.5687056
01-01-1904,00:00:00.100900,0.5674307
01-01-1904,00:00:00.101000,0.5738054
01-01-1904,00:00:00.101100,0.5699806
01-01-1904,00:00:00.101200,0.5661558
01-01-1904,00:00:00.101300,0.5699806
01-01-1904,00:00:00.101400,0.5699806
01-01-1904,00:00:00.101500,0.5674307
01-01-1904,00:00:00.101600,0.5712555
01-01-1904,00:00:00.101700,0.5738054
01-01-1904,00:00:00.101800,0.5674307
01-01-1904,00:00:00.101900,0.5699806
01-01-1904,00:00:00.102000,0.5725305
01-01-1904,00:00:00.102100,0.5699806
01-01-1904,00:00:00.102200,0.5699806
01-01-1904,00:00:00.102300,0.5699806
01-01-1904,00:00:00.102400,0.5699806
01-01-1904,00:00:00.102500,0.5674307
01-01-1904,00:00:00.102600,0.5738054
01-01-1904,00:00:00.102700,0.5712555
01-01-1904,00:00:00.102800,0.5674307
01-01-1904,00:00:00.102900,0.5699806
01-01-1904,00:00:00.103000,0.5712555
01-01-1904,00:00:00.103100,0.5699806
01-01-1904,00:00:00.103200,0.5699806
01-01-1904,00:00:00.103300,0.5738054
01-01-1904,00:00:00.103400,0.5661558
01-01-1904,00:00:00.103500,0.5661558
01-01-1904,00:00:00.103600,0.5738054
01-01-1904,00:00:00.103700,0.5699806
01-01-1904,00:00:00.103800,0.5699806
01-01-1904,00:00:00.103900,0.5699806
01-01-1904,00:00:00.104000,0.5699806
01-01-1904,00:00:00.104100,0.5674307
01-01-1904,00:00:00.104200,0.5738054
01-01-1904,00:00:00.104300,0.5738054
01-01-1904,00:00:00.104400,0.5674307
01-01-1904,00:00:00.104500,0.5699806
01-01-1904,00:00:00.104600,0.5699806
01-01-1904,00:00:00.104700,0.5699806
01-01-1904,00:00:00.104800,0.5699806
01-01-1904,00:00:00.104900,0.5738054
01-01-1904,00:00:00.105000,0.5674307
01-01-1904,00:00:00.105100,0.5661558
01-01-1904,00:00:00.105200,0.5738054
01-01-1904,00:00:00.105300,0.5699806
01-01-1904,00:00:00.105400,0.5712555
01-01-1904,00:00:00.105500,0.5699806
01-01-1904,00:00:00.105600,0.5699806
01-01-1904,00:00:00.105700,0.5674307
01-01-1904,00:00:00.105800,0.5699806
01-01-1904,00:00:00.105900,0.5725305
01-01-1904,00:00:00.106000,0.5674307
01-01-1904,00:00:00.106100,0.5699806
01-01-1904,00:00:00.106200,0.5725305
01-01-1904,00:00:00.106300,0.5699806
01-01-1904,00:00:00.106400,0.5699806
01-01-1904,00:00:00.106500,0.5738054
01-01-1904,00:00:00.106600,0.5674307
01-01-1904,00:00:00.106700,0.5661558
01-01-1904,00:00:00.106800,0.5725305
01-01-1904,00:00:00.106900,0.5699806
01-01-1904,00:00:00.107000,0.5699806
01-01-1904,00:00:00.107100,0.5725305
01-01-1904,00:00:00.107200,0.5699806
01-01-1904,00:00:00.107300,0.5661558
01-01-1904,00:00:00.107400,0.5699806
01-01-1904,00:00:00.107500,0.5699806
01-01-1904,00:00:00.107600,0.5699806
01-01-1904,00:00:00.107700,0.5699806
01-01-1904,00:00:00.107800,0.5738054
01-01-1904,00:00:00.107900,0.5661558
01-01-1904,00:00:00.108000,0.5674307
01-01-1904,00:00:00.108100,0.5750803
01-01-1904,00:00:00.108200,0.5699806
01-01-1904,00:00:00.108300,0.5712555
01-01-1904,00:00:00.108400,0.5699806
01-01-1904,00:00:00.108500,0.5699806
01-01-1904,00:00:00.108600,0.5661558
01-01-1904,00:00:00.108700,0.5738054
01-01-1904,00:00:00.108800,0.5738054
01-01-1904,00:00:00.108900,0.5661558
01-01-1904,00:00:00.109000,0.5699806
01-01-1904,00:00:00.109100,0.5699806
01-01-1904,00:00:00.109200,0.5712555
01-01-1904,00:00:00.109300,0.5712555
01-01-1904,00:00:00.109400,0.5738054
01-01-1904,00:00:00.109500,0.5674307
01-01-1904,00:00:00.109600,0.5699806
01-01-1904,00:00:00.109700,0.5738054
01-01-1904,00:00:00.109800,0.5712555
01-01-1904,00:00:00.109900,0.5687056
01-01-1904,00:00:00.110000,0.5738054
01-01-1904,00:00:00.110100,0.5699806
01-01-1904,00:00:00.110200,0.5674307
01-01-1904,00:00:00.110300,0.5712555
01-01-1904,00:00:00.110400,0.5699806
01-01-1904,00:00:00.110500,0.5674307
01-01-1904,00:00:00.110600,0.5699806
01-01-1904,00:00:00.110700,0.5738054
01-01-1904,00:00:00.110800,0.5699806
01-01-1904,00:00:00.110900,0.5699806
01-01-1904,00:00:00.111000,0.5750803
01-01-1904,00:00:00.111100,0.5699806
01-01-1904,00:00:00.111200,0.5674307
01-01-1904,00:00:00.111300,0.5750803
01-01-1904,00:00:00.111400,0.5712555
01-01-1904,00:00:00.111500,0.5661558
01-01-1904,00:00:00.111600,0.5712555
01-01-1904,00:00:00.111700,0.5712555
01-01-1904,00:00:00.111800,0.5674307
01-01-1904,00:00:00.111900,0.5699806
01-01-1904,00:00:00.112000,0.5725305
01-01-1904,00:00:00.112100,0.5674307
01-01-1904,00:00:00.112200,0.5699806
01-01-1904,00:00:00.112300,0.5738054
01-01-1904,00:00:00.112400,0.5699806
01-01-1904,00:00:00.112500,0.5699806
01-01-1904,00:00:00.112600,0.5699806
01-01-1904,00:00:00.112700,0.5712555
01-01-1904,00:00:00.112800,0.5674307
01-01-1904,00:00:00.112900,0.5738054
01-01-1904,00:00:00.113000,0.5699806
01-01-1904,00:00:00.113100,0.5674307
01-01-1904,00:00:00.113200,0.5712555
01-01-1904,00:00:00.113300,0.5725305
01-01-1904,00:00:00.113400,0.5687056
01-01-1904,00:00:00.113500,0.5699806
01-01-1904,00:00:00.113600,0.5750803
01-01-1904,00:00:00.113700,0.5699806
01-01-1904,00:00:00.113800,0.5699806
01-01-1904,00:00:00.113900,0.5738054
01-01-1904,00:00:00.114000,0.5699806
01-01-1904,00:00:00.114100,0.5674307
01-01-1904,00:00:00.114200,0.5725305
01-01-1904,00:00:00.114300,0.5738054
01-01-1904,00:00:00.114400,0.5687056
01-01-1904,00:00:00.114500,0.5699806
01-01-1904,00:00:00.114600,0.5699806
01-01-1904,00:00:00.114700,0.5712555
01-01-1904,00:00:00.114800,0.5712555
01-01-1904,00:00:00.114900,0.5738054
01-01-1904,00:00:00.115000,0.5699806
01-01-1904,00:00:00.115100,0.5699806
01-01-1904,00:00:00.115200,0.5738054
01-01-1904,00:00:00.115300,0.5699806
01-01-1904,00:00:00.115400,0.5674307
01-01-1904,00:00:00.115500,0.5738054
01-01-1904,00:00:00.115600,0.5699806
01-01-1904,00:00:00.115700,0.5687056
01-01-1904,00:00:00.115800,0.5699806
01-01-1904,00:00:00.115900,0.5699806
01-01-1904,00:00:00.116000,0.5674307
01-01-1904,00:00:00.116100,0.5699806
01-01-1904,00:00:00.116200,0.5738054
01-01-1904,00:00:00.116300,0.5674307
01-01-1904,00:00:00.116400,0.5712555
01-01-1904,00:00:00.116500,0.5738054
01-01-1904,00:00:00.116600,0.5687056
01-01-1904,00:00:00.116700,0.5674307
01-01-1904,00:00:00.116800,0.5738054
01-01-1904,00:00:00.116900,0.5699806
01-01-1904,00:00:00.117000,0.5712555
01-01-1904,00:00:00.117100,0.5699806
01-01-1904,00:00:00.117200,0.5699806
01-01-1904,00:00:00.117300,0.5674307
01-01-1904,00:00:00.117400,0.5738054
01-01-1904,00:00:00.117500,0.5738054
01-01-1904,00:00:00.117600,0.5674307
01-01-1904,00:00:00.117700,0.5699806
01-01-1904,00:00:00.117800,0.5712555
01-01-1904,00:00:00.117900,0.5699806
01-01-1904,00:00:00.118000,0.5699806
01-01-1904,00:00:00.118100,0.5738054
01-01-1904,00:00:00.118200,0.5661558
01-01-1904,00:00:00.118300,0.5699806
01-01-1904,00:00:00.118400,0.5750803
01-01-1904,00:00:00.118500,0.5699806
01-01-1904,00:00:00.118600,0.5687056
01-01-1904,00:00:00.118700,0.5750803
01-01-1904,00:00:00.118800,0.5738054
01-01-1904,00:00:00.118900,0.5687056
01-01-1904,00:00:00.119000,0.5712555
01-01-1904,00:00:00.119100,0.5725305
01-01-1904,00:00:00.119200,0.5712555
01-01-1904,00:00:00.119300,0.5699806
01-01-1904,00:00:00.119400,0.5738054
01-01-1904,00:00:00.119500,0.5674307
01-01-1904,00:00:00.119600,0.5687056
01-01-1904,00:00:00.119700,0.5750803
01-01-1904,00:00:00.119800,0.5687056
01-01-1904,00:00:00.119900,0.5712555
01-01-1904,00:00:00.120000,0.5725305
01-01-1904,00:00:00.120100,0.5699806
01-01-1904,00:00:00.120200,0.5674307
01-01-1904,00:00:00.120300,0.5738054
01-01-1904,00:00:00.120400,0.5699806
01-01-1904,00:00:00.120500,0.5699806
01-01-1904,00:00:00.120600,0.5699806
01-01-1904,00:00:00.120700,0.5725305
01-01-1904,00:00:00.120800,0.5661558
01-01-1904,00:00:00.120900,0.5699806
01-01-1904,00:00:00.121000,0.5738054
01-01-1904,00:00:00.121100,0.5712555
01-01-1904,00:00:00.121200,0.5699806
01-01-1904,00:00:00.121300,0.5725305
01-01-1904,00:00:00.121400,0.5699806
01-01-1904,00:00:00.121500,0.5674307
01-01-1904,00:00:00.121600,0.5738054
01-01-1904,00:00:00.121700,0.5725305
01-01-1904,00:00:00.121800,0.5674307
01-01-1904,00:00:00.121900,0.5699806
01-01-1904,00:00:00.122000,0.5738054
01-01-1904,00:00:00.122100,0.5712555
01-01-1904,00:00:00.122200,0.5699806
01-01-1904,00:00:00.122300,0.5738054
01-01-1904,00:00:00.122400,0.5699806
01-01-1904,00:00:00.122500,0.5712555
01-01-1904,00:00:00.122600,0.5699806
01-01-1904,00:00:00.122700,0.5699806
01-01-1904,00:00:00.122800,0.5674307
01-01-1904,00:00:00.122900,0.5699806
01-01-1904,00:00:00.123000,0.5725305
01-01-1904,00:00:00.123100,0.5674307
01-01-1904,00:00:00.123200,0.5712555
01-01-1904,00:00:00.123300,0.5725305
01-01-1904,00:00:00.123400,0.5699806
01-01-1904,00:00:00.123500,0.5699806
01-01-1904,00:00:00.123600,0.5725305
01-01-1904,00:00:00.123700,0.5699806
01-01-1904,00:00:00.123800,0.5674307
01-01-1904,00:00:00.123900,0.5738054
01-01-1904,00:00:00.124000,0.5712555
01-01-1904,00:00:00.124100,0.5674307
01-01-1904,00:00:00.124200,0.5699806
01-01-1904,00:00:00.124300,0.5699806
01-01-1904,00:00:00.124400,0.5674307
01-01-1904,00:00:00.124500,0.5699806
01-01-1904,00:00:00.124600,0.5725305
01-01-1904,00:00:00.124700,0.5674307
01-01-1904,00:00:00.124800,0.5661558
01-01-1904,00:00:00.124900,0.5738054
